questionText,answerText
Tôi bị bệnh ung thư vú và mất ngủ cả đời. tôi có quá nhiều tiền sử trầm cảm và bắt đầu có vấn đề.,"Nó là rất phổ biến cho người dân để có nhiều vấn đề mà họ muốn để (và cần phải) địa chỉ trong tư liệu. tôi đã có khách hàng yêu cầu cùng một câu hỏi và thông qua sự khám phá, có thường là một nỗi sợ tiềm ẩn rằng họ không thể được giúp đỡ"" hoặc rằng họ sẽ ""quá nhiều cho bác sĩ tâm lý của họ"" tôi không biết nếu bất kỳ của vòng này đúng cho bạn. nhưng, hầu hết mọi người có nhiều hơn một vấn đề trong cuộc sống của họ và nhiều hơn nhiều hơn nữa, nhiều người có nhiều người có nhiều áp lực trong cuộc sống của họ. hoặc rằng họ sẽ phải đối mặt với cuộc sống, nó có thể được phức tạp! cuộc sống có thể được hoàn toàn sẵn sàng để xử lý các vấn đề lớn hoặc nhỏ trong một số vấn đề mà bạn sẽ giúp đỡ nhiều trong các vấn đề mà bạn có nhiều vấn đề mà bạn sẽ không bao giờ phải đối mặt trước tiên."
Tôi bị bệnh ung thư vú và mất ngủ cả đời. tôi có quá nhiều tiền sử trầm cảm và bắt đầu có vấn đề.,"Tôi chưa bao giờ nghe nói về một người nào có vấn đề nào đó để trị liệu có hiệu quả. một chuyên gia trị liệu sẽ giúp đỡ bạn trong việc xác định nguyên nhân gốc của vấn đề của bạn và điều trị đầu tiên. những vấn đề nằm ở đầu tiên. những vấn đề nằm ở đây. những vấn đề nằm ở đây là những triệu chứng khác nhau của bạn nên được cải thiện. ví dụ, một quá khứ của chấn thương tình dục có thể gây ra rối loạn giấc ngủ, sự lo lắng, và tự mãn. tôi sẽ bắt đầu với những tổn thương tâm lý bằng cách sử dụng phương pháp chăm sóc y tế y tế và cho phép người thân thể xử lý các mối quan hệ và các mối quan hệ bị tổn thương cơ thể phát triển trong việc phản ứng với các tổn thương. bởi những điều này chúng ta có thể cải thiện cảm giác về bản thân và cảm giác của chính mình."
Tôi bị bệnh ung thư vú và mất ngủ cả đời. tôi có quá nhiều tiền sử trầm cảm và bắt đầu có vấn đề.,Tôi chỉ muốn làm việc với một vấn đề và một thời điểm trong liệu pháp điều trị bạn sẽ đặt những mục tiêu và mục tiêu mà sẽ giúp bạn đạt được mục tiêu của bạn tôi thấy bạn là một người duy nhất và không phải là một người bạn muốn tốt nhất cho bạn.
Tôi bị bệnh ung thư vú và mất ngủ cả đời. tôi có quá nhiều tiền sử trầm cảm và bắt đầu có vấn đề.,"Hãy để tôi bắt đầu bằng cách nói rằng không bao giờ có quá nhiều mối quan tâm mà bạn có thể mang lại cho tư vấn, thực tế, hầu hết những người đến để nhìn thấy tôi cho tư vấn có nhiều hơn một vấn đề họ muốn làm việc trong tâm lý và hầu hết thời gian những điều này là tất cả. trong tư vấn, chúng tôi làm cùng nhau, để tìm ra những vấn đề mà bạn muốn giải quyết đầu tiên và sau đó chúng tôi phát triển một kế hoạch cá nhân có nhiều hơn một vấn đề họ muốn làm thế nào, bạn có thể làm như thế nào để có được sự giúp đỡ để có thể làm cho một số vấn đề của bạn có thể vượt qua, dù bạn có thể không cần thiết, nhưng sau đó bạn cũng có thể thay đổi bất cứ điều gì bạn có thể làm điều gì để kiểm soát và có thể làm được những điều đó."
Tôi bị bệnh ung thư vú và mất ngủ cả đời. tôi có quá nhiều tiền sử trầm cảm và bắt đầu có vấn đề.,"Tôi thực sự tin rằng một trong những lợi thế lớn nhất để làm việc với một phương pháp trị liệu là một bác sĩ có thể giúp bạn và làm việc với những vấn đề cần phải được giải quyết đầu tiên và. a sẽ giúp bạn đối phó với các khía cạnh khác nhau mà đến. một số vấn đề thậm chí có thể là liên quan đến một. một số khách hàng với một ví dụ, một số khách hàng với lo lắng cũng có thể cảm thấy lo lắng về sức khỏe của họ."
Tôi bị bệnh ung thư vú và mất ngủ cả đời. tôi có quá nhiều tiền sử trầm cảm và bắt đầu có vấn đề.,Nó không thực sự là một câu hỏi cụ thể về việc bạn có quá nhiều vấn đề cho việc khuyên bảo nhưng nhiều hơn bạn muốn làm việc trong lĩnh vực này? bạn điều khiển hướng của các đối tượng và phụ thuộc vào làm thế nào bạn cảm thấy trong một ngày có thể dự đoán trong một ngày có thể dự đoán những gì điều đó hướng đi. nếu bạn muốn làm việc trên tất cả các vấn đề bạn đã liệt kê nó sẽ chỉ cần một phần của bạn để nhìn thấy một trong số dài để tìm thấy một số vấn đề mà bạn đang cảm thấy trong một ngày có thể dự đoán trong tư vấn và nó có vẻ như bạn có thể bị choáng ngợp với danh sách bao giờ hết. nhưng có thể chỉ cần cải thiện một điều tốt hơn mà bạn có thể cần phải tìm thấy một số vấn đề của bạn có thể cần phải làm việc để có một trong quá khứ của chính xác và có thể có một trong quá trình tư vấn đề mà bạn có thể có thể có một trong quá trình tư vấn tốt nhất của bạn có thể có một trong quá trình tư vấn đề của bạn có sự cố vấn đề đó và có thể có thể có thể có một trong quá trình tư vấn đề của bạn có thể làm tốt hơn và có thể giảm hiệu quả tốt nhất của bạn có một trong quá trình tư vấn đề của bạn có một trong quá trình tư vấn của bạn có thể có thể giảm và có thể có thể có thể có thể có thể có thể có thể giảm và có thể có một trong quá trình kiểm soát của bạn có một trong cả nội dung tốt hơn và giảm và giảm của bạn có thể cần có thể cần phải có một trong quá khứ của bạn có một trong cả nội dung tốt nhất của bạn có một trong quá trình tư vấn đề của bạn có một trong quá khứ của bạn có một trong quá trình tư vấn và có một trong quá trình tư vấn tốt nhất của bạn có một trong quá trình tư vấn tốt hơn và có một trong quá trình tư vấn tốt hơn và có thể có thể có thể có thể có thể có thể cần phải có thể cần phải làm việc tốt hơn một trong quá trình tư vấn tốt hơn và có thể có thể có thể cần có thể cần phải có thể có thể cần phải làm việc tốt hơn và có một trong quá trình kiểm tra tốt hơn.
Tôi bị bệnh ung thư vú và mất ngủ cả đời. tôi có quá nhiều tiền sử trầm cảm và bắt đầu có vấn đề.,Bắt đầu từ nơi bạn đang ở hôm nay và di chuyển về phía trước để tìm ra phần còn lại bạn không cần phải là thứ gì ít hơn hay nhiều hơn bạn bây giờ nó có thể là một cuộc hành trình lâu hơn nhưng nó là một trong những người có khả năng phục hồi tôi hy vọng điều đó sẽ xảy ra với bạn
Tôi bị bệnh ung thư vú và mất ngủ cả đời. tôi có quá nhiều tiền sử trầm cảm và bắt đầu có vấn đề.,Câu trả lời trực tiếp nhất là không. Tôi nghĩ rằng một số điều bạn cảm thấy (sytoms) có liên hệ với nhau. Tôi khuyên bạn nên tìm một số thông tin liên quan. Bạn có một số thông tin về sức mạnh (res) mà bạn có khả năng rút ra từ và tôi sẽ khuyến khích bạn tập trung vào chúng khi bạn đối phó với những vấn đề mà bạn đã đặt trên lưng cho rất lâu. những người sợ hãi để giải quyết mọi việc bởi vì họ cảm thấy hoặc tin rằng họ sẽ không thể xử lý nó. Hãy so sánh nó với một cơn bão.
Tôi bị bệnh ung thư vú và mất ngủ cả đời. tôi có quá nhiều tiền sử trầm cảm và bắt đầu có vấn đề.,"Nó không bao giờ quá muộn để có được sự giúp đỡ và bắt đầu tạo ra những thay đổi quan trọng và sự cải thiện trong cuộc sống của bạn. thời điểm thích hợp là khi bạn cảm thấy sẵn sàng và cởi mở để thay đổi. khi chúng ta có một lịch sử chấn thương, như lạm dụng tình dục, tác động của chấn thương đó có thể ảnh hưởng đến nhiều lĩnh vực của cuộc sống của chúng ta như người lớn. làm việc với một bác sĩ chuyên gia về chấn thương là một cách tuyệt vời để bắt đầu phát triển những kỹ năng để kiểm soát cuộc sống hiện tại, học cách điều khiển cảm xúc và hệ thống thần kinh khi bạn trở thành, và sau đó trong môi trường an toàn có cơ hội để vượt qua quá trình để bạn có thể sống với cuộc sống của bạn và những người có thể làm giảm bớt niềm vui của bạn và những người có thể làm giảm bớt bất cứ ảnh hưởng nào trong cuộc sống của họ."
Tôi bị bệnh ung thư vú và mất ngủ cả đời. tôi có quá nhiều tiền sử trầm cảm và bắt đầu có vấn đề.,"Bạn đã trải qua rất nhiều và nó có vẻ như bạn có rất nhiều điều mà đã có khó khăn trong năm. bất kể cuộc đấu tranh bạn đã trải qua, bạn không có quá nhiều vấn đề cho tư vấn. nhiều lần khi một ai đó bắt đầu ra khỏi cuộc sống của họ và chữa bệnh, có nhiều điều họ muốn để giải quyết và làm việc trên. nếu bạn quyết định bắt đầu, bạn và bạn có thể quyết định những gì bạn muốn để xử lý và làm việc trên đầu tiên. đảm bảo với tư vấn viên tư vấn của bạn nếu bất cứ ai đó bắt đầu ra khỏi cuộc sống của họ và cuộc sống của bạn đang có nhiều kinh nghiệm tuyệt vời của bạn có thể nhận được thông qua rất nhiều đau khổ của nhiều lần đầu tiên những điều mà bạn đang có hoặc cuộc sống của bạn có thể quyết định những gì bạn sẽ quyết định những gì bạn muốn để làm cho quá trình và công việc trên đầu tiên."
Tôi bị bệnh ung thư vú và mất ngủ cả đời. tôi có quá nhiều tiền sử trầm cảm và bắt đầu có vấn đề.,"Không hẳn! thực tế, hầu hết mọi người có nhiều vấn đề, rất nhiều vấn đề mà bạn đang đi bàn tay trong bàn tay (trong bàn tay) (nói chuyện) chúng tôi gọi nó là co-morly điều kiện) tôi sẽ rằng hầu hết các cảm xúc bạn đang vật lộn với từ cơn chấn thương sớm của bạn. bạn sẽ được miễn phí từ! một bác sĩ tâm lý tốt sẽ phát triển một kế hoạch mà tất cả các nhu cầu của bạn. với giúp bạn chắc chắn có thể sống một cuộc sống hạnh phúc mà không có tất cả những lo lắng của bạn và đi theo cách của bạn!"
Tôi bị bệnh ung thư vú và mất ngủ cả đời. tôi có quá nhiều tiền sử trầm cảm và bắt đầu có vấn đề.,"Đây là một câu hỏi tuyệt vời! tôi cá nhân không tin rằng bất kỳ khách hàng có thể có quá nhiều vấn đề cho tư vấn. trong thực tế, đó là loại suy nghĩ có thể ngăn chặn bạn ra khỏi tìm kiếm vấn đề tư vấn, vì vậy nó có thể là cản trở bạn từ nhận được sự giúp đỡ bạn cần. trong thực tế, tất cả những gì bạn nhận được chỉ đến tầm quan trọng của bạn tìm kiếm sự giúp đỡ để đối phó với nhiều trong cuộc sống của bạn. nếu bạn tìm kiếm, nó sẽ là quan trọng cho bạn hiểu rằng bạn có thể cần để duy trì trong một thời gian duy trì thời gian nhất để làm việc thông qua mỗi vấn đề của các vấn đề này. tất cả các vấn đề này sẽ có thể giải quyết được trong một thời gian ngắn hơn và có thể làm việc chăm sóc sức khỏe, nhưng bạn sẽ nhận được nhiều hơn nữa."
Tôi bị bệnh ung thư vú và mất ngủ cả đời. tôi có quá nhiều tiền sử trầm cảm và bắt đầu có vấn đề.,"Tôi không nghĩ là có quá nhiều vấn đề, chỉ cần có thời gian để vượt qua tất cả các vấn đề."
Tôi bị bệnh ung thư vú và mất ngủ cả đời. tôi có quá nhiều tiền sử trầm cảm và bắt đầu có vấn đề.,"Không, bạn không có quá nhiều vấn đề để giải quyết trong tư vấn. rất nhiều người có mặt với nhiều vấn đề họ muốn giải quyết, và điều đó cho thấy rõ ràng. trong điều trị bạn thấy rằng tất cả mọi thứ được kết nối với nhau, và các vấn đề là nhiều hơn so với suy nghĩ trước đó."
Tôi bị bệnh ung thư vú và mất ngủ cả đời. tôi có quá nhiều tiền sử trầm cảm và bắt đầu có vấn đề.,Họ có thể hướng dẫn bạn bắt đầu từ đâu và bắt đầu như thế nào. thủ tục của họ sẽ hỏi bạn về lịch sử cuộc sống của bạn để họ có thể giúp bạn đi qua mỗi lĩnh vực. đừng ngại chia sẻ những điều này với bác sĩ để họ có thể đặt mục tiêu và giúp bạn cảm thấy thoải mái khi bạn bắt đầu. nhưng đó là điều bình thường!)
Tôi bị bệnh ung thư vú và mất ngủ cả đời. tôi có quá nhiều tiền sử trầm cảm và bắt đầu có vấn đề.,"Bạn không có quá nhiều vấn đề để khuyên bảo, mỗi mối quan tâm có thể được thực hiện tùy theo mức độ thích hợp cho bạn với một bác sĩ tư vấn, bác sĩ tâm lý, và những mối quan tâm của bạn là hợp lý."
Tôi bị bệnh ung thư vú và mất ngủ cả đời. tôi có quá nhiều tiền sử trầm cảm và bắt đầu có vấn đề.,Tôi khen ngợi bạn đã bước một bước can đảm để nói về tất cả những gì bạn đã trải qua. và tôi sẵn sàng đặt cược rằng rất nhiều trong số những mối quan tâm này là may mắn được thực hiện. chúc may mắn trên cuộc hành trình của bạn để chữa lành. lần đầu tiên những vết thương của chúng ta dẫn chúng ta đến những phần tốt nhất của bản thân chúng ta.
Tôi bị bệnh ung thư vú và mất ngủ cả đời. tôi có quá nhiều tiền sử trầm cảm và bắt đầu có vấn đề.,"Nó có vẻ như bạn đã trải qua rất nhiều, nhưng trong điều trị không có gì như quá nhiều vấn đề. đó là những gì nó có cho. và sức khỏe của chúng tôi ảnh hưởng đến sức khỏe của chúng tôi ảnh hưởng đến sức khỏe tinh thần của chúng tôi và của chúng tôi."
Tôi bị bệnh ung thư vú và mất ngủ cả đời. tôi có quá nhiều tiền sử trầm cảm và bắt đầu có vấn đề.,"Thường thì người ta cảm thấy họ không thể tiết kiệm, điều này thường không đúng. tìm đúng nhà trị liệu để làm việc về những vấn đề này với và nhờ họ giúp đỡ bạn có thể hưởng lợi từ việc gặp một chuyên gia ở Florida nếu bạn ở Florida chúng tôi đề nghị phương pháp cấp cứu hoặc trực tuyến"
Tôi bị bệnh ung thư vú và mất ngủ cả đời. tôi có quá nhiều tiền sử trầm cảm và bắt đầu có vấn đề.,"Bạn đã trải qua rất nhiều điều trị - có vẻ như bạn đang rất kiên nhẫn! và làm thế nào dũng cảm của bạn để xem xét tìm kiếm tư liệu cho lần đầu tiên. dựa trên những gì bạn đã chia sẻ, tôi sẽ khuyến khích bạn tìm kiếm ra một người trong tình trạng đau buồn, mà thường có thể hiển thị lên như tiềm năng và lo lắng, và giấc ngủ muộn trong cuộc sống. bạn không có quá nhiều để thời gian người đến với nhiều điều mà họ muốn tập trung vào. một người tốt sẽ có thời gian để giúp bạn thông qua các chủ đề bạn muốn địa chỉ, họ có thể nhìn thấy làm thế nào họ có thể kết nối các vấn đề của bạn, và giúp đỡ họ thông qua các vấn đề của bạn tốt hơn!"
Tôi bị bệnh ung thư vú và mất ngủ cả đời. tôi có quá nhiều tiền sử trầm cảm và bắt đầu có vấn đề.,"Không phải tất cả! hoặc có thể biểu hiện bản thân bằng nhiều cách, chẳng hạn như bệnh trầm cảm và lo lắng. hoặc cũng có thể gây ra vấn đề giấc ngủ, là những gì tôi nghe nói về đa số nhưng nó cũng có thể gây ra. nhiều lần ngược đãi có thể có lòng tự trọng thấp cũng như tốt. tôi có thể gợi ý bạn bắt đầu điều trị với những gì là bạn đang gây ra hầu hết các vấn đề. làm thế nào để điều chỉnh cảm xúc của bạn và sẽ cung cấp cho bạn các tòa nhà để bắt đầu nhận được các nguyên nhân cơ bản mà một khi bạn tiến trình từ chấn thương và các vấn đề y tế, bạn nên bắt đầu cảm thấy tốt hơn về cơ thể và tốt hơn về bản thân mình."
Tôi bị bệnh ung thư vú và mất ngủ cả đời. tôi có quá nhiều tiền sử trầm cảm và bắt đầu có vấn đề.,"Thực tế là một người rất bình thường khi nghĩ rằng bạn đang có vấn đề với cả một số vấn đề, nhưng thật ra, nếu có quá nhiều vấn đề cần phải giải quyết, bạn sẽ không còn cảm thấy thoải mái với mọi người và tôi thật sự muốn bạn bắt đầu suy nghĩ với một người có nhiều vấn đề, nhưng thật ra, bạn nên điều trị bằng cách điều trị nếu có nhiều việc để giải quyết."
Tôi bị bệnh ung thư vú và mất ngủ cả đời. tôi có quá nhiều tiền sử trầm cảm và bắt đầu có vấn đề.,Đầu tiên bạn nói rằng tôi có rất nhiều vấn đề sau đó bạn nói rằng tôi đã hạnh phúc hôn nhân trong gần 35 năm (như đã qua rồi) hầu hết các cố vấn / nhân viên có giáo dục hoặc kinh nghiệm trong lĩnh vực. nó là về bạn. tìm kiếm về bản thân. bạn sẽ vui vẻ hơn về bản thân. bạn sẽ vui vẻ nó cho phép một đầu tư cho bản thân và một hướng dẫn. không phải đôi khi bạn nhìn vào tóc của bạn hoặc của mình hoặc của nó đã một thời gian dài kể từ khi bạn có họ chăm sóc chuyên nghiệp. bạn đã hạnh phúc với họ trong vòng 35 năm. nhưng nó có cảm giác như thế nào khi bạn có một người khác hướng dẫn tóc và một số tóc như một triệu bạn cảm thấy tuyệt vời và khi bạn nghĩ rằng một điều gì đó là một điều gì đó bạn đang đi ra ngoài?
Tôi bị bệnh ung thư vú và mất ngủ cả đời. tôi có quá nhiều tiền sử trầm cảm và bắt đầu có vấn đề.,"Không thể được! nhà trị liệu của bạn sẽ giúp bạn ưu tiên các mục tiêu điều trị của bạn và thường xuyên, những ""ss"" đó là hiện tại và khi bạn giải quyết một vấn đề, một trong những có thể hoặc ít giải quyết vấn đề."
Tôi bị bệnh ung thư vú và mất ngủ cả đời. tôi có quá nhiều tiền sử trầm cảm và bắt đầu có vấn đề.,"Không, không có quá nhiều vấn đề để điều trị. tôi là một người rất lớn để chọn ra những vấn đề cấp bách nhất và đặt năng lượng của chúng ta để đối phó và sau đó khi cảm thấy tốt hơn, chúng ta có thể tiếp tục những vấn đề tiếp theo chúng ta không thể giải quyết tất cả cùng một lúc chúng ta có thể thực hiện từng bước nhưng chúng ta sẽ đến đó"
Tôi bị bệnh ung thư vú và mất ngủ cả đời. tôi có quá nhiều tiền sử trầm cảm và bắt đầu có vấn đề.,"Không, bạn không có quá nhiều vấn đề để định hướng. con người là phức tạp, và chỉ dựa vào chút ít thông tin mà bạn đã chia sẻ, nó có vẻ như bạn đã trải nghiệm một chút chấn thương trong cuộc sống của bạn. khi chúng tôi trải nghiệm các sự kiện (như là bệnh nhân tình dục, sống sót) nó có một tác động lên tâm trạng của chúng tôi và tâm trạng của chúng tôi và về bản thân. như là một &DDR, tôi thường có nhiều người trải nghiệm nhiều điều khó khăn trong cuộc sống của họ và có thể trở thành điều trị cho lần đầu tiên. quá trình của bệnh nhân và quá trình học tập nhiều hơn và quá trễ nó sẽ không bao giờ mất thời gian để bắt đầu!"
Tôi bị bệnh ung thư vú và mất ngủ cả đời. tôi có quá nhiều tiền sử trầm cảm và bắt đầu có vấn đề.,"Nó có thể cảm nhận vượt qua những lúc khi chúng ta đạt được một điểm trong cuộc sống của chúng ta khi chúng ta nói với bản thân mình, tôi nghĩ rằng tôi muốn và/hoặc cần hướng dẫn. điều này đặc biệt đúng nếu chúng ta cảm thấy chúng ta có rất nhiều ""các"" để làm việc thông qua và bao phủ với một mà chúng ta có thể cảm thấy rằng chúng ta sẽ không biết nơi nào để thậm chí bắt đầu chúng ta có thể cảm thấy rằng bởi vì của chúng ta trong quá khứ và các vấn đề của chúng ta, tuy nhiên, điều này không nên dừng lại bạn làm việc với một chuyên gia, đặc biệt là những trải nghiệm làm việc với những vấn đề cụ thể mà chúng ta cảm thấy rằng chúng ta sẽ không biết nơi nào mà chúng ta có thể làm việc trong một ít thời gian mà chúng ta có thể làm việc thông qua những buổi họp mặt của chúng ta trong quá trình chăm sóc, nhưng đôi khi chúng ta không dừng lại bạn làm việc với một cách giải quyết định này trong quá nhiều vấn đề của chúng ta có quá nhiều lần nữa để giải quyết định cho những vấn đề mà không có quá sức mạnh để giải quyết định cho những vấn đề của bạn có quá nhiều chúng ta có quá nhiều chúng ta có thể giải quyết định trong quá nhiều điều tốt chúng ta có những vấn đề mà chúng ta có thể làm cho chúng ta không có thể làm cho chúng ta có những điều tốt trong quá nhiều điều tốt chúng ta có những điều tốt trong quá nhiều điều tốt chúng ta có quá nhiều chúng ta có những điều tốt chúng ta không có thể làm cho chúng ta có những điều tốt trong quá nhiều điều tốt chúng ta có những điều tốt chúng ta có thể làm cho chúng ta có những điều tốt trong quá nhiều điều tốt chúng ta có những điều tốt trong quá nhiều điều tốt chúng ta có những điều tốt trong quá nhiều điều tốt chúng ta có những điều tốt chúng ta có thể có thể có thể có thể có những điều tốt trong quá nhiều điều tốt chúng ta có thể có thể làm cho chúng ta không có những điều tốt trong quá nhiều điều tốt chúng ta có thể có những điều tốt chúng ta không có những điều tốt trong quá nhiều chúng ta có những điều tốt trong quá nhiều điều tốt chúng ta không có những điều tốt chúng ta không có những điều tốt chúng ta không có những điều tốt trong quá nhiều chúng ta không có thể có thể làm cho chúng ta có thể có những điều tốt chúng ta có những điều mà chúng ta có những điều tốt"
Tôi bị bệnh ung thư vú và mất ngủ cả đời. tôi có quá nhiều tiền sử trầm cảm và bắt đầu có vấn đề.,"Nếu bạn cảm thấy mình quá nhiều, bạn cần một người không có cảm giác như bạn. hãy đoán xem? đó là những gì bác sĩ tâm lý là cho bạn không quá nhiều bạn không có quá nhiều để làm việc bạn đang ở trên bạn đang ở trên một nền tảng bên phải! tất cả chúng ta ở đây để giúp đỡ hãy tìm một ai đó và một người nào đó.R/B.R/B cho, và ít lo lắng vấn đề, v.v.v.v."
Tôi bị bệnh ung thư vú và mất ngủ cả đời. tôi có quá nhiều tiền sử trầm cảm và bắt đầu có vấn đề.,"Thứ nhất, cảm ơn bạn đã cởi mở và dễ bị tổn thương bằng cách chia sẻ với chúng tôi trên mạng thứ hai, nhiều trong số những ""y"" mà bạn đã đề cập đến là tất cả các thông tin liên quan. thường thì thân chủ của tôi đã nhận thấy rằng những quá khứ đau thương giúp giảm đi trầm cảm của họ. điều mà lần đầu tiên có thể giảm thiểu sự lo lắng. bước đầu tiên để khỏe mạnh là nắm lấy cơ hội vào bản thân và tìm kiếm một chúng ta có thể kết nối với."
Tôi bị bệnh ung thư vú và mất ngủ cả đời. tôi có quá nhiều tiền sử trầm cảm và bắt đầu có vấn đề.,"Không hoàn toàn! rất nhiều các vấn đề mà đã được xác định được được nhấn mạnh với nhau. đôi khi khi khi bạn bắt đầu và 'N' vấn đề đầu tiên, nó giúp giảm số lượng các vấn đề khác."
Tôi bị bệnh ung thư vú và mất ngủ cả đời. tôi có quá nhiều tiền sử trầm cảm và bắt đầu có vấn đề.,"Khi quyết định tìm một bác sĩ trị liệu, hãy chắc chắn tìm một người nào đó trong mỗi lĩnh vực mà bạn đã đề cập đến."
Tôi bị bệnh ung thư vú và mất ngủ cả đời. tôi có quá nhiều tiền sử trầm cảm và bắt đầu có vấn đề.,"Không, bạn sẽ không bao giờ có nhiều vấn đề cho anyy cho rằng lý do tại sao chúng tôi đã xung quanh để chúng tôi có xung quanh để chúng tôi có thể giúp bạn với vấn đề của bạn"
Tôi bị bệnh ung thư vú và mất ngủ cả đời. tôi có quá nhiều tiền sử trầm cảm và bắt đầu có vấn đề.,Nó có vẻ như bạn đã có rất nhiều chấn thương trong cuộc sống của bạn. nhưng thay vào đó rằng bạn có thể nhận được lợi ích từ nhiều hơn. nhiều vấn đề chỉ có nghĩa là bạn có thể cần phải được điều trị để có một chút điều trị để làm việc thông qua họ. một chuyên gia kinh nghiệm có thể giúp bạn vượt qua tất cả những gì bạn đã trải qua để tìm thấy những gì là bạn là tốt nhất. tốt nhất. tốt!
Tôi bị bệnh ung thư vú và mất ngủ cả đời. tôi có quá nhiều tiền sử trầm cảm và bắt đầu có vấn đề.,"Tôi rất ấn tượng khi nghe rằng mặc dù bạn đã trải qua tất cả những gì bạn đã trải qua, bạn đang mở rộng và hỏi về điều trị! đó là điều không thể tin được. tôi không tin rằng có một người có ""nhiều"" đấu tranh hoặc là ""xa xa"" cho. thường, cuộc đấu tranh của chúng tôi rất nhiều giống như nguồn gốc từ một cây. chúng là rất nhiều, nhưng tất cả họ đều dẫn trở lại với bóng đèn. đó là, chúng tôi có thể có rất nhiều và đó thường được bắt nguồn từ một số ít các vấn đề sâu thẳm, rằng, một lần, có thể giải quyết nhiều hơn một hình ảnh bên dưới."
Tôi bị bệnh ung thư vú và mất ngủ cả đời. tôi có quá nhiều tiền sử trầm cảm và bắt đầu có vấn đề.,"Cảm ơn vì đã chia sẻ kinh nghiệm và sự yếu đuối. câu trả lời cho câu hỏi của bạn là không, bạn không có quá nhiều vấn đề để giải quyết trong việc điều trị. phương pháp giải phẫu được thiết kế để cung cấp cho bạn với không gian an toàn và không đầu tư đó, nơi bạn có thể chia sẻ mọi thứ và bất cứ điều gì bạn muốn chia sẻ bạn và như nó cần phải được cởi mở và có thể mang lại cho bạn rất nhiều sức khỏe. tôi khuyến khích bạn bắt đầu và không sợ hãi chia sẻ với tốc độ của chính mình."
Tôi bị bệnh ung thư vú và mất ngủ cả đời. tôi có quá nhiều tiền sử trầm cảm và bắt đầu có vấn đề.,"Bạn không bao giờ có thể có quá nhiều vấn đề để giải quyết tôi không! thực tế, tôi mong rằng nhiều người sẽ đến sớm hơn muộn (hoặc không phải tất cả) nhưng tôi luôn luôn nói tốt hơn không bao giờ. tôi nghĩ rằng bạn sẽ khám phá làm thế nào tất cả mọi thứ bạn đang trải nghiệm có ý nghĩa khi bạn kết nối các điểm với bác sĩ tâm lý của bạn. lo lắng, lo lắng, lo lắng, lo lắng, lo lắng, và giảm giá trị có thể tất cả các bị tổn thương / tổn thương. Bạn sẽ làm và nói chuyện với bạn về mục tiêu của bạn để phát triển một phương pháp điều trị. Luôn luôn luôn chắc chắn rằng mọi điều trị của bạn cảm thấy phù hợp với một nghiên cứu phù hợp, bởi vì mối quan hệ đó là quan trọng nhất hoặc đối xử."
Tôi bị bệnh ung thư vú và mất ngủ cả đời. tôi có quá nhiều tiền sử trầm cảm và bắt đầu có vấn đề.,"Đầu tư, và mang theo rất nhiều có thể cảm thấy áp lực; như bạn đã mang quá nhiều va-li và nó đáng sợ để nghĩ về việc mở tất cả. chiến lược của tôi sẽ giúp bạn lấy tất cả các lĩnh vực bạn muốn cuối cùng có thể làm việc trên và sau đó, những gì bạn muốn làm việc trên đầu tiên. chúng tôi sẽ chỉ tập trung vào những gì dường như phải làm việc, cho bây giờ (những gì bạn muốn mở, và bao nhiêu bạn muốn giải nén?) lần, các triệu chứng thường có các vấn đề tương tự, một khi bạn bắt đầu làm việc trên một khu vực và có thể tốt hơn."
Tôi bị bệnh ung thư vú và mất ngủ cả đời. tôi có quá nhiều tiền sử trầm cảm và bắt đầu có vấn đề.,"Con người rất phức tạp và câu chuyện cuộc sống của chúng ta tùy thuộc vào cá nhân. sự phức tạp của chúng ta có những mối quan hệ và trong lĩnh vực này, tìm kiếm sự giúp đỡ cho con người có thể có một tác động tích cực đến người khác. không bao giờ là quá muộn để giúp đỡ từ một người chuyên nghiệp chúng ta không bao giờ quá phức tạp để giúp đỡ."
Tôi bị bệnh ung thư vú và mất ngủ cả đời. tôi có quá nhiều tiền sử trầm cảm và bắt đầu có vấn đề.,"Tôi nghĩ rằng khi bắt đầu cuộc sống theo cách này rất thông thường, chúng ta phải trải qua những khó khăn như thế. gánh nặng mà chúng ta phải gánh vác là gánh nặng, quá sức chịu và hoàn toàn mất kiểm soát hoặc ít nhất là nếu chúng ta bỏ qua nó chúng ta đã tìm ra cách để đối phó với những cảm xúc này và kiềm chế chúng ta, ngay cả nếu chúng ta có thể cảm thấy mình càng ngày càng xa hơn và xa hơn nữa."
Tôi bị bệnh ung thư vú và mất ngủ cả đời. tôi có quá nhiều tiền sử trầm cảm và bắt đầu có vấn đề.,"Tôi tin rằng bạn không bao giờ có thể có quá nhiều vấn đề để tư vấn. nếu đó là trường hợp, những gì sẽ là lựa chọn thay thế? không tìm kiếm sự giúp đỡ ở tất cả? nó là quan trọng để hiểu rằng vấn đề là một cuộc hành trình. nói chuyện không phải là để nhận được ""bị lừa dối,"" nhưng thay vì về tự khám phá, tự khám phá, tự bảo vệ, và sự tiếp cận. tôi tìm kiếm sự hỗ trợ của tôi trong tất cả các lĩnh vực của tôi bằng cách giúp họ nhìn thấy vấn đề của họ từ một góc độ khác nhau và thách thức họ tốt hơn."
Tôi bị bệnh ung thư vú và mất ngủ cả đời. tôi có quá nhiều tiền sử trầm cảm và bắt đầu có vấn đề.,"Đây là một số khách hàng lo lắng tình dục có liên quan về tư vấn. một cái gì đó có thể là hữu ích để nhớ là những gì chúng tôi đang nhìn thấy như những vấn đề khác nhau thường có một chủ đề hoặc kết nối theo một cách nào đó. ví dụ, sự lạm dụng tình dục và lịch sử bệnh ung thư bạn có có cùng một và hiệu ứng stress trên tâm trí và cơ thể, một cái gì đó có thể được giải quyết bởi những hiệu ứng lâu dài của những gì bạn đã trải qua., lo lắng và là những cách khác nhau của chúng tôi đau đớn và của chính nó nhưng đôi khi họ có kết nối với nhau - thậm chí đôi khi chúng tôi thậm chí còn kết nối với những tổn thương tương tự. hy vọng rằng bạn có thể giúp bạn có thể tìm hiểu được những khu vực này, và cũng như thế nào bạn có thể tìm thấy một vài vấn đề trong quá trình giải quyết trong quá trình giải cứu và giải pháp trong quá trình này trong khi bạn đã tìm ra một vài vấn đề."
Tôi bị bệnh ung thư vú và mất ngủ cả đời. tôi có quá nhiều tiền sử trầm cảm và bắt đầu có vấn đề.,"Nó có thể làm điều đó đúng không? như nếu tôi có nhiều vấn đề và tôi không thể đối phó với họ, làm thế nào có thể có một số người khác chữa trị bằng phương pháp trị liệu tử tế, vấn đề của bạn hoàn toàn có thể làm được. vấn đề của bạn là hoàn toàn có thể làm được. nó sẽ mất thời gian, trị liệu không phải là một phương pháp chữa trị phép thuật, nhưng nếu bạn là bệnh nhân với chính mình, bạn có thể di chuyển thông qua mỗi vấn đề của tình dục một số các vấn đề như lạm dụng tình dục và một số của một số bệnh ung thư vú có thể được giải quyết với một chút nhanh chóng hơn bằng cách sử dụng một cách chăm sóc mắt như là phương pháp phương pháp y hay phương pháp y, nhưng nếu bạn là một số bạn có thể cảm thấy khó khăn một số người sẽ có cảm thấy đau đớn và bạn không biết rằng bạn đang mất một số người đó là một số người sẽ không phải chịu đựng được nhiều hơn và có nhiều hơn nữa, như bạn có thể cảm thấy khó khăn để có nhiều hơn và có thể nhận được sự giúp đỡ đỡ đỡ đỡ đỡ đỡ đỡ đỡ đỡ hơn và như một phần tinh thần kinh nghiệm và như bạn có thể nhận được nhiều hơn nữa."
Tôi bị bệnh ung thư vú và mất ngủ cả đời. tôi có quá nhiều tiền sử trầm cảm và bắt đầu có vấn đề.,"Bởi vì bạn đã không có dự định cho bất kỳ các triệu chứng cho bất kỳ các vấn đề này, tôi khuyến khích bạn làm như vậy. trong giai đoạn thăm viếng đầu tiên của bạn, một bác sĩ trị liệu sẽ thu thập dữ liệu về vấn đề của bạn và, lịch sử y tế, cũng như bất kỳ sự kiện quan trọng nào xảy ra trong cuộc sống của bạn như bị ngược đãi, cha mẹ ly dị hoặc v.v. trong các phiên tòa, một bác sĩ trị liệu sẽ hỏi bạn những gì bạn muốn địa chỉ đầu tiên. một phần của kế hoạch điều trị của bạn sẽ không chỉ bao gồm cả của bạn nhưng cũng như các lĩnh vực khác của cuộc sống mà cần thiết và có thể được xem xét thêm sự chăm sóc. trong nhiều trường hợp cha mẹ ly dị hoặc ly dị, bạn sẽ khám phá nhiều nhất của bạn có thể tìm hiểu về sự lo lắng của bạn và lo lắng của bạn cũng như là sự lo lắng của bạn không bao giờ có vấn đề đối với bất cứ ai, đặc biệt đối với bất cứ ai, bạn sẽ không bao giờ có vấn đề nào trong tình trạng an toàn tâm thần kinh tế."
Tôi bị bệnh ung thư vú và mất ngủ cả đời. tôi có quá nhiều tiền sử trầm cảm và bắt đầu có vấn đề.,"Tôi hứa với các bạn rằng có những người khác ngoài kia đang đối mặt với những vấn đề tương tự và có thể giúp đỡ. bác sĩ tâm lý đang ở ngoài kia. điều gì làm bạn khó chịu nhất ngay tại đây và ngay bây giờ? rằng câu trả lời có thể thay đổi từ ngày này sang ngày khác và thời điểm khác và đó cũng không sao cũng không sao. trong khi bạn đi qua, bạn có thể tìm thấy rằng khi bạn làm việc trên một điều, những người khác dường như ít quan trọng hơn và ngay bây giờ? rằng câu trả lời có thể thay đổi từ ngày này sang ngày khác hay thời điểm khác và đó cũng không phải là ngay bây giờ và cũng không có gì dễ dàng hơn để đối phó với những người khác như bạn có thể cải thiện tình dục và thậm chí có thể cải thiện cả hai mối quan hệ tình dục của bạn, những người khác dường như ít quan hệ với ít quan trọng hơn. bạo lực, và không có vấn đề, ung thức gia đình, nhưng không quan trọng, nhưng mỗi người có thể dễ dàng hơn một trong một cách để đối phó với một trong một thời gian."
Tôi bị bệnh ung thư vú và mất ngủ cả đời. tôi có quá nhiều tiền sử trầm cảm và bắt đầu có vấn đề.,Không có gì là quá nhiều vấn đề để tư vấn. nhiều người đến với một loạt các vấn đề và đôi khi chúng tôi khám phá ra các vấn đề khác. khi bạn có thể khám phá lịch sử của bạn với bác sĩ tâm lý của bạn và đi đến những gì bạn muốn tập trung vào điều trị đầu tiên hoặc những gì dường như quan trọng nhất. đây là của bạn và bạn có thể quyết định những gì đang tập trung vào nó.
Tôi bị bệnh ung thư vú và mất ngủ cả đời. tôi có quá nhiều tiền sử trầm cảm và bắt đầu có vấn đề.,"Nói chung, bạn không có quá nhiều vấn đề để nói đến việc khuyên bảo, bạn và người khuyên bảo nên làm việc sát cánh với nhau để có thể làm quen với vấn đề."
Tôi bị bệnh ung thư vú và mất ngủ cả đời. tôi có quá nhiều tiền sử trầm cảm và bắt đầu có vấn đề.,"Nó thực sự khá hiếm gặp cho một người nào đó để đi đến điều trị ""chỉ một điều."" thường xuyên hơn không, thậm chí những người tìm kiếm điều trị ""chỉ cần lo lắng"" thường tìm thấy một hàng loạt của những điều liên quan khác khi họ bắt đầu rút ra các lớp trong điều trị. khách hàng đến với tôi với một danh sách của những điều như thế này, bước đầu tiên của chúng tôi là để đưa ra ngoài đó và để làm việc tìm kiếm ""sự hiểu biết"" tất cả những điều này kết hợp với nhau để có thể bắt đầu với một bức tranh đầy đủ của bạn và làm thế nào bạn đã có ảnh hưởng đến những kinh nghiệm khác."
Tôi bị bệnh ung thư vú và mất ngủ cả đời. tôi có quá nhiều tiền sử trầm cảm và bắt đầu có vấn đề.,"Nó có vẻ như bạn sợ hãi rằng bạn có thể nặng gánh cho sự cố định của bạn hoặc bạn sẽ không quá nhiều cho họ để xử lý. nỗi sợ đó là rất bình thường, và đó không có nghĩa là nó là đúng. nó nói lên sự thật rằng bạn là rất con người với rất nhiều kinh nghiệm mà có lẽ không phù hợp với một trong và loại; tuy nhiên, nó có thể là đáng thời gian của bạn để khám phá nếu có một chủ đề mà liên kết với nhau (v.v., sợ chết, lo sợ, v.v.v.v. đầu tiên, tôi muốn biết làm thế nào họ nhìn thấy một sự lo sợ và có thể có lợi ích của bạn để tìm kiếm những điều đó thông qua những mối quan tâm của bạn, và cũng có thể giúp bạn cảm thấy rằng bạn đang có một số câu hỏi về một số câu hỏi về một số vấn đề đáng quan tâm, và quan tâm đến một số câu hỏi của bạn có vẻ như thế."
Tôi bị bệnh ung thư vú và mất ngủ cả đời. tôi có quá nhiều tiền sử trầm cảm và bắt đầu có vấn đề.,Xin chào! nhiều người bắt đầu cuộc hành trình chữa bệnh với -- giống như của bạn và trải nghiệm biến đổi trong chất lượng cuộc sống của họ. tôi hy vọng bạn có thể tìm thấy một nhà tư vấn bạn cảm thấy thoải mái làm việc với và làm công việc nếu bạn cảm thấy may mắn trên hành trình của bạn!
Tôi bị bệnh ung thư vú và mất ngủ cả đời. tôi có quá nhiều tiền sử trầm cảm và bắt đầu có vấn đề.,"Có vẻ như bạn đang bị chấn thương nghiêm trọng và nó sẽ tiếp tục tác động đến trạng thái trầm cảm của bạn cho đến khi nó được xử lý. mặc dù có vấn đề, mặc dù có nhiều hơn đau buồn nhưng nó là tốt nhất để chỉ cần bắt đầu một nơi nào đó. tôi sẽ khuyến khích bạn bắt đầu tư vấn và làm việc thông qua một số trong lịch sử của bạn ở tốc độ của riêng bạn để bắt đầu tác động và giảm thiểu các triệu chứng."
Tôi bị bệnh ung thư vú và mất ngủ cả đời. tôi có quá nhiều tiền sử trầm cảm và bắt đầu có vấn đề.,"Hầu hết các khách hàng có nhiều vấn đề cần giải quyết. nó là bình thường để có nhiều sự kiện trong cuộc sống của chúng tôi khó khăn chúng tôi và ở lại với chúng tôi mà không cần trợ giúp. loại khuyên bảo đúng sẽ giúp bạn tập trung vào vấn đề chính và vấn đề đầu tiên vấn đề vấn đề bạn có và làm việc theo cách của bạn thông qua tất cả những gì bạn đang phải bước từng bước, mục tiêu bởi mục tiêu. đôi khi làm việc trên một vấn đề giúp mang lại vấn đề khác giúp đưa ra ánh sáng trong vấn đề chính của bạn. Điều này có thể giúp bạn giải quyết một số vấn đề khác liên quan. Hãy tìm kiếm một số khác có liên hệ với một ai đó và đa số kinh nghiệm trong hầu hết các vấn đề của bạn... bạn có ngay cả đối với bạn có ngay cả các vấn đề của bạn có thể tìm thấy vấn đề của bạn, sau đó bạn sẽ tìm thấy vấn đề trước đây là vấn đề về vấn đề của bạn, hoặc vấn đề về vấn đề chính."
